{"initial_reset_timestamp": 1590402226.2742414, "timestamps": [1590402462.431117, 1590402695.1222615, 1590402812.7369342, 1590402928.7794218, 1590403041.675412], "episode_lengths": [101, 101, 101, 101, 101], "episode_rewards": [3.9900000000000206, 3.9900000000000206, 3.9900000000000206, 3.9900000000000206, 3.9900000000000206], "episode_types": ["t", "t", "t", "t", "t"]}