{"initial_reset_timestamp": 1590402033.8832407, "timestamps": [1590402074.0058901, 1590402115.5262027, 1590402137.5067668, 1590402158.1029356, 1590402179.4945157], "episode_lengths": [17, 17, 17, 17, 17], "episode_rewards": [9.830000000000002, 9.830000000000002, 9.830000000000002, 9.830000000000002, 9.830000000000002], "episode_types": ["t", "t", "t", "t", "t"]}